Full Name,Gender,Email,Phone,Country
Jantinus Waaijer,male,jantinus.waaijer@example.com,(047) 2370959,Netherlands
Alfonso Campos,male,alfonso.campos@example.com,947-788-153,Spain
Benedikt Knab,male,benedikt.knab@example.com,0985-5816369,Germany
Urban Leroux,male,urban.leroux@example.com,079 360 53 43,Switzerland
Pedro Nieto,male,pedro.nieto@example.com,(603) 332 9375,Mexico
William Nielsen,male,william.nielsen@example.com,18137994,Denmark
Jeppe Rasmussen,male,jeppe.rasmussen@example.com,29799648,Denmark
Mira PanteliÄ‡,female,mira.pantelic@example.com,028-9242-790,Serbia
Isabell Hovden,female,isabell.hovden@example.com,69784559,Norway
Jane Jensen,female,jane.jensen@example.com,(840) 491-6268,United States
